fold,model,rows,positives,pr_auc,roc_auc,brier
2021,base_rate,120.0,12.0,0.3028,0.7963,0.0784
2021,lstm,120.0,12.0,0.4314,0.7909,0.0766
2021,lstm_no_gps,120.0,12.0,0.3474,0.8102,0.0763
2021,xgboost,120.0,12.0,0.4711,0.8318,0.0773
2021,xgboost_no_gps,120.0,12.0,0.3781,0.8264,0.0798
2022,base_rate,120.0,4.0,0.0833,0.8103,0.0365
2022,lstm,120.0,4.0,0.1008,0.7435,0.0492
2022,lstm_no_gps,120.0,4.0,0.0752,0.681,0.0464
2022,xgboost,120.0,4.0,0.0538,0.5927,0.049
2022,xgboost_no_gps,120.0,4.0,0.0969,0.597,0.0431
2023,base_rate,120.0,8.0,0.1121,0.6339,0.0634
2023,lstm,120.0,8.0,0.086,0.5603,0.0807
2023,lstm_no_gps,120.0,8.0,0.0926,0.5357,0.0838
2023,xgboost,120.0,8.0,0.2186,0.6027,0.0656
2023,xgboost_no_gps,120.0,8.0,0.1523,0.6334,0.0659
2024,base_rate,120.0,3.0,0.0764,0.8248,0.0286
2024,lstm,120.0,3.0,0.2253,0.7977,0.0385
2024,lstm_no_gps,120.0,3.0,0.1406,0.8205,0.039
2024,xgboost,120.0,3.0,0.0804,0.7151,0.0349
2024,xgboost_no_gps,120.0,3.0,0.0727,0.6752,0.0285
2025,base_rate,120.0,5.0,0.0917,0.6774,0.0414
2025,lstm,120.0,5.0,0.1586,0.6313,0.0544
2025,lstm_no_gps,120.0,5.0,0.1333,0.7113,0.0419
2025,xgboost,120.0,5.0,0.0919,0.6417,0.0403
2025,xgboost_no_gps,120.0,5.0,0.068,0.5826,0.0477
